{
  "openapi" : "3.0.3",
  "info" : {
    "title" : "Generated by Debezium OpenAPI Generator"
  },
  "components" : {
    "schemas" : {
      "debezium-mysql-2.3.4.Final" : {
        "title" : "Debezium MySQL Connector",
        "required" : [ "topic.prefix", "database.hostname", "database.user", "database.server.id" ],
        "type" : "object",
        "properties" : {
          "topic.prefix" : {
            "title" : "Topic prefix",
            "description" : "Topic prefix that identifies and provides a namespace for the particular database server/cluster is capturing changes. The topic prefix should be unique across all other connectors, since it is used as a prefix for all Kafka topic names that receive events emitted by this connector. Only alphanumeric characters, hyphens, dots and underscores must be accepted.",
            "type" : "string",
            "nullable" : false,
            "x-name" : "topic.prefix",
            "x-category" : "CONNECTION"
          },
          "database.server.id" : {
            "format" : "int64",
            "title" : "Cluster ID",
            "description" : "A numeric ID of this database client, which must be unique across all currently-running database processes in the cluster. This connector joins the MySQL database cluster as another server (with this unique ID) so it can read the binlog.",
            "type" : "integer",
            "nullable" : false,
            "x-name" : "database.server.id",
            "x-category" : "CONNECTION"
          },
          "database.hostname" : {
            "title" : "Hostname",
            "description" : "Resolvable hostname or IP address of the database server.",
            "type" : "string",
            "nullable" : false,
            "x-name" : "database.hostname",
            "x-category" : "CONNECTION"
          },
          "database.port" : {
            "format" : "int32",
            "title" : "Port",
            "description" : "Port of the database server.",
            "default" : 3306,
            "type" : "integer",
            "x-name" : "database.port",
            "x-category" : "CONNECTION"
          },
          "database.user" : {
            "title" : "User",
            "description" : "Name of the database user to be used when connecting to the database.",
            "type" : "string",
            "nullable" : false,
            "x-name" : "database.user",
            "x-category" : "CONNECTION"
          },
          "database.password" : {
            "format" : "password",
            "title" : "Password",
            "description" : "Password of the database user to be used when connecting to the database.",
            "type" : "string",
            "x-name" : "database.password",
            "x-category" : "CONNECTION"
          },
          "schema.history.internal.kafka.bootstrap.servers" : {
            "title" : "Kafka broker addresses",
            "description" : "A list of host/port pairs that the connector will use for establishing the initial connection to the Kafka cluster for retrieving database schema history previously stored by the connector. This should point to the same Kafka cluster used by the Kafka Connect process.",
            "type" : "string",
            "x-name" : "schema.history.internal.kafka.bootstrap.servers",
            "x-category" : "CONNECTION"
          },
          "schema.history.internal.kafka.topic" : {
            "title" : "Database schema history topic name",
            "description" : "The name of the topic for the database schema history",
            "type" : "string",
            "x-name" : "schema.history.internal.kafka.topic",
            "x-category" : "CONNECTION"
          },
          "schema.history.internal.kafka.query.timeout.ms" : {
            "format" : "int64",
            "title" : "Kafka admin client query timeout (ms)",
            "description" : "The number of milliseconds to wait while fetching cluster information using Kafka admin client.",
            "default" : 3000,
            "type" : "integer",
            "x-name" : "schema.history.internal.kafka.query.timeout.ms",
            "x-category" : "CONNECTION"
          },
          "database.jdbc.driver" : {
            "format" : "class",
            "title" : "Jdbc Driver Class Name",
            "description" : "JDBC Driver class name used to connect to the MySQL database server.",
            "default" : "com.mysql.cj.jdbc.Driver",
            "type" : "string",
            "x-name" : "database.jdbc.driver",
            "x-category" : "CONNECTION"
          },
          "database.ssl.mode" : {
            "title" : "SSL mode",
            "description" : "Whether to use an encrypted connection to MySQL. Options include: 'disabled' to use an unencrypted connection; 'preferred' (the default) to establish a secure (encrypted) connection if the server supports secure connections, but fall back to an unencrypted connection otherwise; 'required' to use a secure (encrypted) connection, and fail if one cannot be established; 'verify_ca' like 'required' but additionally verify the server TLS certificate against the configured Certificate Authority (CA) certificates, or fail if no valid matching CA certificates are found; or'verify_identity' like 'verify_ca' but additionally verify that the server certificate matches the host to which the connection is attempted.",
            "default" : "preferred",
            "enum" : [ "verify_identity", "disabled", "preferred", "required", "verify_ca" ],
            "type" : "string",
            "x-name" : "database.ssl.mode",
            "x-category" : "CONNECTION_ADVANCED_SSL"
          },
          "database.ssl.keystore" : {
            "title" : "SSL Keystore",
            "description" : "The location of the key store file. This is optional and can be used for two-way authentication between the client and the MySQL Server.",
            "type" : "string",
            "x-name" : "database.ssl.keystore",
            "x-category" : "CONNECTION_ADVANCED_SSL"
          },
          "database.ssl.keystore.password" : {
            "format" : "password",
            "title" : "SSL Keystore Password",
            "description" : "The password for the key store file. This is optional and only needed if 'database.ssl.keystore' is configured.",
            "type" : "string",
            "x-name" : "database.ssl.keystore.password",
            "x-category" : "CONNECTION_ADVANCED_SSL"
          },
          "database.ssl.truststore" : {
            "title" : "SSL Truststore",
            "description" : "The location of the trust store file for the server certificate verification.",
            "type" : "string",
            "x-name" : "database.ssl.truststore",
            "x-category" : "CONNECTION_ADVANCED_SSL"
          },
          "database.ssl.truststore.password" : {
            "format" : "password",
            "title" : "SSL Truststore Password",
            "description" : "The password for the trust store file. Used to check the integrity of the truststore, and unlock the truststore.",
            "type" : "string",
            "x-name" : "database.ssl.truststore.password",
            "x-category" : "CONNECTION_ADVANCED_SSL"
          },
          "database.server.id.offset" : {
            "format" : "int64",
            "title" : "Cluster ID offset",
            "description" : "Only relevant if parallel snapshotting is configured. During parallel snapshotting, multiple (4) connections open to the database client, and they each need their own unique connection ID. This offset is used to generate those IDs from the base configured cluster ID.",
            "default" : 10000,
            "type" : "integer",
            "x-name" : "database.server.id.offset",
            "x-category" : "CONNECTION_ADVANCED"
          },
          "connect.timeout.ms" : {
            "format" : "int32",
            "title" : "Connection Timeout (ms)",
            "description" : "Maximum time to wait after trying to connect to the database before timing out, given in milliseconds. Defaults to 30 seconds (30,000 ms).",
            "default" : 30000,
            "type" : "integer",
            "x-name" : "connect.timeout.ms",
            "x-category" : "CONNECTION_ADVANCED"
          },
          "connect.keep.alive" : {
            "title" : "Keep connection alive (true/false)",
            "description" : "Whether a separate thread should be used to ensure the connection is kept alive.",
            "default" : true,
            "type" : "boolean",
            "x-name" : "connect.keep.alive",
            "x-category" : "CONNECTION_ADVANCED"
          },
          "connect.keep.alive.interval.ms" : {
            "format" : "int64",
            "title" : "Keep alive interval (ms)",
            "description" : "Interval for connection checking if keep alive thread is used, given in milliseconds Defaults to 1 minute (60,000 ms).",
            "default" : 60000,
            "type" : "integer",
            "x-name" : "connect.keep.alive.interval.ms",
            "x-category" : "CONNECTION_ADVANCED"
          },
          "database.initial.statements" : {
            "title" : "Initial statements",
            "description" : "A semicolon separated list of SQL statements to be executed when a JDBC connection (not binlog reading connection) to the database is established. Note that the connector may establish JDBC connections at its own discretion, so this should typically be used for configuration of session parameters only, but not for executing DML statements. Use doubled semicolon (';;') to use a semicolon as a character and not as a delimiter.",
            "type" : "string",
            "x-name" : "database.initial.statements",
            "x-category" : "CONNECTION_ADVANCED"
          },
          "database.include.list" : {
            "format" : "list,regex",
            "title" : "Include Databases",
            "description" : "The databases for which changes are to be captured",
            "type" : "string",
            "x-name" : "database.include.list",
            "x-category" : "FILTERS"
          },
          "database.exclude.list" : {
            "format" : "list,regex",
            "title" : "Exclude Databases",
            "description" : "A comma-separated list of regular expressions that match database names to be excluded from monitoring",
            "type" : "string",
            "x-name" : "database.exclude.list",
            "x-category" : "FILTERS"
          },
          "table.include.list" : {
            "format" : "list,regex",
            "title" : "Include Tables",
            "description" : "The tables for which changes are to be captured",
            "type" : "string",
            "x-name" : "table.include.list",
            "x-category" : "FILTERS"
          },
          "table.exclude.list" : {
            "format" : "list,regex",
            "title" : "Exclude Tables",
            "description" : "A comma-separated list of regular expressions that match the fully-qualified names of tables to be excluded from monitoring",
            "type" : "string",
            "x-name" : "table.exclude.list",
            "x-category" : "FILTERS"
          },
          "column.include.list" : {
            "format" : "list,regex",
            "title" : "Include Columns",
            "description" : "Regular expressions matching columns to include in change events",
            "type" : "string",
            "x-name" : "column.include.list",
            "x-category" : "FILTERS"
          },
          "column.exclude.list" : {
            "format" : "list,regex",
            "title" : "Exclude Columns",
            "description" : "Regular expressions matching columns to exclude from change events",
            "type" : "string",
            "x-name" : "column.exclude.list",
            "x-category" : "FILTERS"
          },
          "table.ignore.builtin" : {
            "title" : "Ignore system databases",
            "description" : "Flag specifying whether built-in tables should be ignored.",
            "default" : true,
            "type" : "boolean",
            "x-name" : "table.ignore.builtin",
            "x-category" : "FILTERS"
          },
          "snapshot.mode" : {
            "title" : "Snapshot mode",
            "description" : "The criteria for running a snapshot upon startup of the connector. Select one of the following snapshot options: 'when_needed': On startup, the connector runs a snapshot if one is needed.; 'schema_only': If the connector does not detect any offsets for the logical server name, it runs a snapshot that captures only the schema (table structures), but not any table data. After the snapshot completes, the connector begins to stream changes from the binlog.; 'schema_only_recovery': The connector performs a snapshot that captures only the database schema history. The connector then transitions back to streaming. Use this setting to restore a corrupted or lost database schema history topic. Do not use if the database schema was modified after the connector stopped.; 'initial' (default): If the connector does not detect any offsets for the logical server name, it runs a snapshot that captures the current full state of the configured tables. After the snapshot completes, the connector begins to stream changes from the binlog.; 'initial_only': The connector performs a snapshot as it does for the 'initial' option, but after the connector completes the snapshot, it stops, and does not stream changes from the binlog.; 'never': The connector does not run a snapshot. Upon first startup, the connector immediately begins reading from the beginning of the binlog. The 'never' mode should be used with care, and only when the binlog is known to contain all history.",
            "default" : "initial",
            "enum" : [ "never", "initial_only", "when_needed", "initial", "schema_only", "schema_only_recovery" ],
            "type" : "string",
            "x-name" : "snapshot.mode",
            "x-category" : "CONNECTOR_SNAPSHOT"
          },
          "snapshot.locking.mode" : {
            "title" : "Snapshot locking mode",
            "description" : "Controls how long the connector holds onto the global read lock while it is performing a snapshot. The default is 'minimal', which means the connector holds the global read lock (and thus prevents any updates) for just the initial portion of the snapshot while the database schemas and other metadata are being read. The remaining work in a snapshot involves selecting all rows from each table, and this can be done using the snapshot process' REPEATABLE READ transaction even when the lock is no longer held and other operations are updating the database. However, in some cases it may be desirable to block all writes for the entire duration of the snapshot; in such cases set this property to 'extended'. Using a value of 'none' will prevent the connector from acquiring any table locks during the snapshot process. This mode can only be used in combination with snapshot.mode values of 'schema_only' or 'schema_only_recovery' and is only safe to use if no schema changes are happening while the snapshot is taken.",
            "default" : "minimal",
            "enum" : [ "minimal", "minimal_percona", "none", "extended" ],
            "type" : "string",
            "x-name" : "snapshot.locking.mode",
            "x-category" : "CONNECTOR_SNAPSHOT"
          },
          "snapshot.include.collection.list" : {
            "format" : "list,regex",
            "title" : "Snapshot mode include data collection",
            "description" : "This setting must be set to specify a list of tables/collections whose snapshot must be taken on creating or restarting the connector.",
            "type" : "string",
            "x-name" : "snapshot.include.collection.list",
            "x-category" : "CONNECTOR_SNAPSHOT"
          },
          "snapshot.fetch.size" : {
            "format" : "int32",
            "title" : "Snapshot fetch size",
            "description" : "The maximum number of records that should be loaded into memory while performing a snapshot.",
            "type" : "integer",
            "x-name" : "snapshot.fetch.size",
            "x-category" : "CONNECTOR_SNAPSHOT"
          },
          "snapshot.new.tables" : {
            "title" : "Snapshot newly added tables",
            "description" : "BETA FEATURE: On connector restart, the connector will check if there have been any new tables added to the configuration, and snapshot them. There is presently only two options: 'off': Default behavior. Do not snapshot new tables. 'parallel': The snapshot of the new tables will occur in parallel to the continued binlog reading of the old tables. When the snapshot completes, an independent binlog reader will begin reading the events for the new tables until it catches up to present time. At this point, both old and new binlog readers will be momentarily halted and new binlog reader will start that will read the binlog for all configured tables. The parallel binlog reader will have a configured server id of 10000 + the primary binlog reader's server id.",
            "default" : "off",
            "enum" : [ "parallel", "off" ],
            "type" : "string",
            "x-name" : "snapshot.new.tables",
            "x-category" : "CONNECTOR_SNAPSHOT"
          },
          "snapshot.delay.ms" : {
            "format" : "int64",
            "title" : "Snapshot Delay (milliseconds)",
            "description" : "A delay period before a snapshot will begin, given in milliseconds. Defaults to 0 ms.",
            "default" : 0,
            "type" : "integer",
            "x-name" : "snapshot.delay.ms",
            "x-category" : "CONNECTOR_SNAPSHOT"
          },
          "snapshot.lock.timeout.ms" : {
            "format" : "int64",
            "title" : "Snapshot lock timeout (ms)",
            "description" : "The maximum number of millis to wait for table locks at the beginning of a snapshot. If locks cannot be acquired in this time frame, the snapshot will be aborted. Defaults to 10 seconds",
            "default" : 10000,
            "type" : "integer",
            "x-name" : "snapshot.lock.timeout.ms",
            "x-category" : "CONNECTOR_SNAPSHOT"
          },
          "snapshot.max.threads" : {
            "format" : "int32",
            "title" : "Snapshot maximum threads",
            "description" : "The maximum number of threads used to perform the snapshot. Defaults to 1.",
            "default" : 1,
            "type" : "integer",
            "x-name" : "snapshot.max.threads",
            "x-category" : "CONNECTOR_SNAPSHOT"
          },
          "snapshot.select.statement.overrides" : {
            "title" : "List of tables where the default select statement used during snapshotting should be overridden.",
            "description" : " This property contains a comma-separated list of fully-qualified tables (DB_NAME.TABLE_NAME) or (SCHEMA_NAME.TABLE_NAME), depending on the specific connectors. Select statements for the individual tables are specified in further configuration properties, one for each table, identified by the id 'snapshot.select.statement.overrides.[DB_NAME].[TABLE_NAME]' or 'snapshot.select.statement.overrides.[SCHEMA_NAME].[TABLE_NAME]', respectively. The value of those properties is the select statement to use when retrieving data from the specific table during snapshotting. A possible use case for large append-only tables is setting a specific point where to start (resume) snapshotting, in case a previous snapshotting was interrupted.",
            "type" : "string",
            "x-name" : "snapshot.select.statement.overrides",
            "x-category" : "CONNECTOR_SNAPSHOT"
          },
          "snapshot.tables.order.by.row.count" : {
            "title" : "Initial snapshot tables order by row count",
            "description" : "Controls the order in which tables are processed in the initial snapshot. A `descending` value will order the tables by row count descending. A `ascending` value will order the tables by row count ascending. A value of `disabled` (the default) will disable ordering by row count.",
            "default" : "disabled",
            "enum" : [ "disabled", "ascending", "descending" ],
            "type" : "string",
            "x-name" : "snapshot.tables.order.by.row.count",
            "x-category" : "CONNECTOR_SNAPSHOT"
          },
          "include.schema.changes" : {
            "title" : "Include database schema changes",
            "description" : "Whether the connector should publish changes in the database schema to a Kafka topic with the same name as the database server ID. Each schema change will be recorded using a key that contains the database name and whose value include logical description of the new schema and optionally the DDL statement(s). The default is 'true'. This is independent of how the connector internally records database schema history.",
            "default" : true,
            "type" : "boolean",
            "x-name" : "include.schema.changes",
            "x-category" : "CONNECTOR"
          },
          "tombstones.on.delete" : {
            "title" : "Change the behaviour of Debezium with regards to delete operations",
            "description" : "Whether delete operations should be represented by a delete event and a subsequent tombstone event (true) or only by a delete event (false). Emitting the tombstone event (the default behavior) allows Kafka to completely delete all events pertaining to the given key once the source record got deleted.",
            "default" : true,
            "type" : "boolean",
            "x-name" : "tombstones.on.delete",
            "x-category" : "CONNECTOR"
          },
          "decimal.handling.mode" : {
            "title" : "Decimal Handling",
            "description" : "Specify how DECIMAL and NUMERIC columns should be represented in change events, including: 'precise' (the default) uses java.math.BigDecimal to represent values, which are encoded in the change events using a binary representation and Kafka Connect's 'org.apache.kafka.connect.data.Decimal' type; 'string' uses string to represent values; 'double' represents values using Java's 'double', which may not offer the precision but will be far easier to use in consumers.",
            "default" : "precise",
            "enum" : [ "string", "double", "precise" ],
            "type" : "string",
            "x-name" : "decimal.handling.mode",
            "x-category" : "CONNECTOR"
          },
          "binary.handling.mode" : {
            "title" : "Binary Handling",
            "description" : "Specify how binary (blob, binary, etc.) columns should be represented in change events, including: 'bytes' represents binary data as byte array (default); 'base64' represents binary data as base64-encoded string; 'base64-url-safe' represents binary data as base64-url-safe-encoded string; 'hex' represents binary data as hex-encoded (base16) string",
            "default" : "bytes",
            "enum" : [ "bytes", "base64", "hex", "base64-url-safe" ],
            "type" : "string",
            "x-name" : "binary.handling.mode",
            "x-category" : "CONNECTOR"
          },
          "include.schema.comments" : {
            "title" : "Include Table and Column Comments",
            "description" : "Whether the connector parse table and column's comment to metadata object. Note: Enable this option will bring the implications on memory usage. The number and size of ColumnImpl objects is what largely impacts how much memory is consumed by the Debezium connectors, and adding a String to each of them can potentially be quite heavy. The default is 'false'.",
            "default" : false,
            "type" : "boolean",
            "x-name" : "include.schema.comments",
            "x-category" : "CONNECTOR"
          },
          "schema.name.adjustment.mode" : {
            "title" : "Schema Name Adjustment",
            "description" : "Specify how schema names should be adjusted for compatibility with the message converter used by the connector, including: 'avro' replaces the characters that cannot be used in the Avro type name with underscore; 'avro_unicode' replaces the underscore or characters that cannot be used in the Avro type name with corresponding unicode like _uxxxx. Note: _ is an escape sequence like backslash in Java;'none' does not apply any adjustment (default)",
            "default" : "none",
            "enum" : [ "none", "avro_unicode", "avro" ],
            "type" : "string",
            "x-name" : "schema.name.adjustment.mode",
            "x-category" : "CONNECTOR"
          },
          "event.deserialization.failure.handling.mode" : {
            "title" : "Event deserialization failure handling",
            "description" : "Specify how failures during deserialization of binlog events (i.e. when encountering a corrupted event) should be handled, including: 'fail' (the default) an exception indicating the problematic event and its binlog position is raised, causing the connector to be stopped; 'warn' the problematic event and its binlog position will be logged and the event will be skipped; 'ignore' the problematic event will be skipped.",
            "default" : "fail",
            "enum" : [ "warn", "fail", "ignore", "skip" ],
            "type" : "string",
            "x-name" : "event.deserialization.failure.handling.mode",
            "x-category" : "CONNECTOR"
          },
          "enable.time.adjuster" : {
            "title" : "Enable Time Adjuster",
            "description" : "MySQL allows user to insert year value as either 2-digit or 4-digit. In case of two digit the value is automatically mapped into 1970 - 2069.false - delegates the implicit conversion to the databasetrue - (the default) Debezium makes the conversion",
            "default" : true,
            "type" : "boolean",
            "x-name" : "enable.time.adjuster",
            "x-category" : "CONNECTOR"
          },
          "gtid.source.filter.dml.events" : {
            "title" : "Filter DML events",
            "description" : "If set to true, we will only produce DML events into Kafka for transactions that were written on mysql servers with UUIDs matching the filters defined by the gtid.source.includes or gtid.source.excludes configuration options, if they are specified.",
            "default" : true,
            "type" : "boolean",
            "x-name" : "gtid.source.filter.dml.events",
            "x-category" : "CONNECTOR"
          },
          "gtid.source.includes" : {
            "format" : "list,regex",
            "title" : "Include GTID sources",
            "description" : "The source UUIDs used to include GTID ranges when determine the starting position in the MySQL server's binlog.",
            "type" : "string",
            "x-name" : "gtid.source.includes",
            "x-category" : "CONNECTOR"
          },
          "gtid.source.excludes" : {
            "title" : "Exclude GTID sources",
            "description" : "The source UUIDs used to exclude GTID ranges when determine the starting position in the MySQL server's binlog.",
            "type" : "string",
            "x-name" : "gtid.source.excludes",
            "x-category" : "CONNECTOR"
          },
          "time.precision.mode" : {
            "title" : "Time Precision",
            "description" : "Time, date and timestamps can be represented with different kinds of precisions, including: 'adaptive_time_microseconds': the precision of date and timestamp values is based the database column's precision; but time fields always use microseconds precision; 'connect': always represents time, date and timestamp values using Kafka Connect's built-in representations for Time, Date, and Timestamp, which uses millisecond precision regardless of the database columns' precision.",
            "default" : "adaptive_time_microseconds",
            "enum" : [ "adaptive", "adaptive_time_microseconds", "connect" ],
            "type" : "string",
            "x-name" : "time.precision.mode",
            "x-category" : "CONNECTOR"
          },
          "bigint.unsigned.handling.mode" : {
            "title" : "BIGINT UNSIGNED Handling",
            "description" : "Specify how BIGINT UNSIGNED columns should be represented in change events, including: 'precise' uses java.math.BigDecimal to represent values, which are encoded in the change events using a binary representation and Kafka Connect's 'org.apache.kafka.connect.data.Decimal' type; 'long' (the default) represents values using Java's 'long', which may not offer the precision but will be far easier to use in consumers.",
            "default" : "long",
            "enum" : [ "precise", "long" ],
            "type" : "string",
            "x-name" : "bigint.unsigned.handling.mode",
            "x-category" : "CONNECTOR"
          },
          "heartbeat.interval.ms" : {
            "format" : "int32",
            "title" : "Connector heartbeat interval (milli-seconds)",
            "description" : "Length of an interval in milli-seconds in in which the connector periodically sends heartbeat messages to a heartbeat topic. Use 0 to disable heartbeat messages. Disabled by default.",
            "default" : 0,
            "type" : "integer",
            "x-name" : "heartbeat.interval.ms",
            "x-category" : "ADVANCED_HEARTBEAT"
          },
          "heartbeat.topics.prefix" : {
            "title" : "A prefix used for naming of heartbeat topics",
            "description" : "The prefix that is used to name heartbeat topics.Defaults to __debezium-heartbeat.",
            "default" : "__debezium-heartbeat",
            "type" : "string",
            "x-name" : "heartbeat.topics.prefix",
            "x-category" : "ADVANCED_HEARTBEAT"
          },
          "heartbeat.action.query" : {
            "title" : "An optional query to execute with every heartbeat",
            "description" : "The query executed with every heartbeat.",
            "type" : "string",
            "x-name" : "heartbeat.action.query",
            "x-category" : "ADVANCED_HEARTBEAT"
          },
          "include.query" : {
            "title" : "Include original SQL query with in change events",
            "description" : "Whether the connector should include the original SQL query that generated the change event. Note: This option requires MySQL be configured with the binlog_rows_query_log_events option set to ON. Query will not be present for events generated from snapshot. WARNING: Enabling this option may expose tables or fields explicitly excluded or masked by including the original SQL statement in the change event. For this reason the default value is 'false'.",
            "default" : false,
            "type" : "boolean",
            "x-name" : "include.query",
            "x-category" : "CONNECTOR_ADVANCED"
          },
          "min.row.count.to.stream.results" : {
            "format" : "int32",
            "title" : "Stream result set of size",
            "description" : "The number of rows a table must contain to stream results rather than pull all into memory during snapshots. Defaults to 1,000. Use 0 to stream all results and completely avoid checking the size of each table.",
            "default" : 1000,
            "type" : "integer",
            "x-name" : "min.row.count.to.stream.results",
            "x-category" : "CONNECTOR_ADVANCED"
          },
          "binlog.buffer.size" : {
            "format" : "int32",
            "title" : "Binlog reader buffer size",
            "description" : "The size of a look-ahead buffer used by the  binlog reader to decide whether the transaction in progress is going to be committed or rolled back. Use 0 to disable look-ahead buffering. Defaults to 0 (i.e. buffering is disabled).",
            "default" : 0,
            "type" : "integer",
            "x-name" : "binlog.buffer.size",
            "x-category" : "CONNECTOR_ADVANCED"
          },
          "converters" : {
            "title" : "List of prefixes defining custom values converters.",
            "description" : "Optional list of custom converters that would be used instead of default ones. The converters are defined using '<converter.prefix>.type' config option and configured using options '<converter.prefix>.<option>'",
            "type" : "string",
            "x-name" : "converters",
            "x-category" : "CONNECTOR_ADVANCED"
          },
          "column.truncate.to.(d+).chars" : {
            "format" : "int32",
            "title" : "Truncate Columns To n Characters",
            "description" : "A comma-separated list of regular expressions matching fully-qualified names of columns that should be truncated to the configured amount of characters.",
            "type" : "integer",
            "x-name" : "column.truncate.to.(d+).chars",
            "x-category" : "CONNECTOR_ADVANCED"
          },
          "column.mask.with.(d+).chars" : {
            "title" : "Mask Columns With n Asterisks",
            "description" : "A comma-separated list of regular expressions matching fully-qualified names of columns that should be masked with configured amount of asterisk ('*') characters.",
            "type" : "string",
            "x-name" : "column.mask.with.(d+).chars",
            "x-category" : "CONNECTOR_ADVANCED"
          },
          "column.mask.hash.([^.]+).with.salt.(.+)" : {
            "title" : "Mask Columns Using Hash and Salt",
            "description" : "A comma-separated list of regular expressions matching fully-qualified names of columns that should be masked by hashing the input. Using the specified hash algorithms and salt.",
            "type" : "string",
            "x-name" : "column.mask.hash.([^.]+).with.salt.(.+)",
            "x-category" : "CONNECTOR_ADVANCED"
          },
          "datatype.propagate.source.type" : {
            "format" : "list,regex",
            "title" : "Propagate Source Types by Data Type",
            "description" : "A comma-separated list of regular expressions matching the database-specific data type names that adds the data type's original type and original length as parameters to the corresponding field schemas in the emitted change records.",
            "type" : "string",
            "x-name" : "datatype.propagate.source.type",
            "x-category" : "CONNECTOR_ADVANCED"
          },
          "column.propagate.source.type" : {
            "format" : "list,regex",
            "title" : "Propagate Source Types by Columns",
            "description" : "A comma-separated list of regular expressions matching fully-qualified names of columns that adds the column’s original type and original length as parameters to the corresponding field schemas in the emitted change records.",
            "type" : "string",
            "x-name" : "column.propagate.source.type",
            "x-category" : "CONNECTOR_ADVANCED"
          },
          "message.key.columns" : {
            "title" : "Columns PK mapping",
            "description" : "A semicolon-separated list of expressions that match fully-qualified tables and column(s) to be used as message key. Each expression must match the pattern '<fully-qualified table name>:<key columns>', where the table names could be defined as (DB_NAME.TABLE_NAME) or (SCHEMA_NAME.TABLE_NAME), depending on the specific connector, and the key columns are a comma-separated list of columns representing the custom key. For any table without an explicit key configuration the table's primary key column(s) will be used as message key. Example: dbserver1.inventory.orderlines:orderId,orderLineId;dbserver1.inventory.orders:id",
            "type" : "string",
            "x-name" : "message.key.columns",
            "x-category" : "CONNECTOR_ADVANCED"
          },
          "provide.transaction.metadata" : {
            "title" : "Store transaction metadata information in a dedicated topic.",
            "description" : "Enables transaction metadata extraction together with event counting",
            "default" : false,
            "type" : "boolean",
            "x-name" : "provide.transaction.metadata",
            "x-category" : "CONNECTOR_ADVANCED"
          },
          "errors.max.retries" : {
            "format" : "int32",
            "title" : "The maximum number of retries",
            "description" : "The maximum number of retries on connection errors before failing (-1 = no limit, 0 = disabled, > 0 = num of retries).",
            "default" : -1,
            "type" : "integer",
            "x-name" : "errors.max.retries",
            "x-category" : "CONNECTOR_ADVANCED"
          },
          "schema.history.internal.kafka.recovery.attempts" : {
            "format" : "int32",
            "title" : "Max attempts to recovery database schema history",
            "description" : "The number of attempts in a row that no data are returned from Kafka before recover completes. The maximum amount of time to wait after receiving no data is (recovery.attempts) x (recovery.poll.interval.ms).",
            "default" : 100,
            "type" : "integer",
            "x-name" : "schema.history.internal.kafka.recovery.attempts",
            "x-category" : "ADVANCED"
          },
          "schema.history.internal.kafka.recovery.poll.interval.ms" : {
            "format" : "int32",
            "title" : "Poll interval during database schema history recovery (ms)",
            "description" : "The number of milliseconds to wait while polling for persisted data during recovery.",
            "default" : 100,
            "type" : "integer",
            "x-name" : "schema.history.internal.kafka.recovery.poll.interval.ms",
            "x-category" : "ADVANCED"
          },
          "inconsistent.schema.handling.mode" : {
            "title" : "Inconsistent schema failure handling",
            "description" : "Specify how binlog events that belong to a table missing from internal schema representation (i.e. internal representation is not consistent with database) should be handled, including: 'fail' (the default) an exception indicating the problematic event and its binlog position is raised, causing the connector to be stopped; 'warn' the problematic event and its binlog position will be logged and the event will be skipped; 'skip' the problematic event will be skipped.",
            "default" : "fail",
            "enum" : [ "warn", "fail", "ignore", "skip" ],
            "type" : "string",
            "x-name" : "inconsistent.schema.handling.mode",
            "x-category" : "ADVANCED"
          },
          "skipped.operations" : {
            "format" : "list,regex",
            "title" : "Skipped Operations",
            "description" : "The comma-separated list of operations to skip during streaming, defined as: 'c' for inserts/create; 'u' for updates; 'd' for deletes, 't' for truncates, and 'none' to indicate nothing skipped. By default, only truncate operations will be skipped.",
            "default" : "t",
            "type" : "string",
            "x-name" : "skipped.operations",
            "x-category" : "ADVANCED"
          },
          "event.processing.failure.handling.mode" : {
            "title" : "Event deserialization failure handling",
            "description" : "Specify how failures during processing of events (i.e. when encountering a corrupted event) should be handled, including: 'fail' (the default) an exception indicating the problematic event and its position is raised, causing the connector to be stopped; 'warn' the problematic event and its position will be logged and the event will be skipped; 'ignore' the problematic event will be skipped.",
            "default" : "fail",
            "enum" : [ "warn", "fail", "ignore", "skip" ],
            "type" : "string",
            "x-name" : "event.processing.failure.handling.mode",
            "x-category" : "ADVANCED"
          },
          "query.fetch.size" : {
            "format" : "int32",
            "title" : "Query fetch size",
            "description" : "The maximum number of records that should be loaded into memory while streaming. A value of '0' uses the default JDBC fetch size.",
            "default" : 0,
            "type" : "integer",
            "x-name" : "query.fetch.size",
            "x-category" : "ADVANCED"
          },
          "max.batch.size" : {
            "format" : "int32",
            "title" : "Change event batch size",
            "description" : "Maximum size of each batch of source records. Defaults to 2048.",
            "default" : 2048,
            "type" : "integer",
            "x-name" : "max.batch.size",
            "x-category" : "ADVANCED"
          },
          "max.queue.size" : {
            "format" : "int32",
            "title" : "Change event buffer size",
            "description" : "Maximum size of the queue for change events read from the database log but not yet recorded or forwarded. Defaults to 8192, and should always be larger than the maximum batch size.",
            "default" : 8192,
            "type" : "integer",
            "x-name" : "max.queue.size",
            "x-category" : "ADVANCED"
          },
          "max.queue.size.in.bytes" : {
            "format" : "int64",
            "title" : "Change event buffer size in bytes",
            "description" : "Maximum size of the queue in bytes for change events read from the database log but not yet recorded or forwarded. Defaults to 0. Mean the feature is not enabled",
            "default" : 0,
            "type" : "integer",
            "x-name" : "max.queue.size.in.bytes",
            "x-category" : "ADVANCED"
          },
          "poll.interval.ms" : {
            "format" : "int64",
            "title" : "Poll interval (ms)",
            "description" : "Time to wait for new change events to appear after receiving no events, given in milliseconds. Defaults to 500 ms.",
            "default" : 500,
            "type" : "integer",
            "x-name" : "poll.interval.ms",
            "x-category" : "ADVANCED"
          },
          "retriable.restart.connector.wait.ms" : {
            "format" : "int64",
            "title" : "Retriable restart wait (ms)",
            "description" : "Time to wait before restarting connector after retriable exception occurs. Defaults to 10000ms.",
            "default" : 10000,
            "type" : "integer",
            "x-name" : "retriable.restart.connector.wait.ms",
            "x-category" : "ADVANCED"
          },
          "signal.data.collection" : {
            "title" : "Signaling data collection",
            "description" : "The name of the data collection that is used to send signals/commands to Debezium. Signaling is disabled when not set.",
            "type" : "string",
            "x-name" : "signal.data.collection",
            "x-category" : "ADVANCED"
          },
          "signal.poll.interval.ms" : {
            "format" : "int64",
            "title" : "Signal processor poll interval",
            "description" : "Interval for looking for new signals in registered channels, given in milliseconds. Defaults to 5 seconds.",
            "default" : 5000,
            "type" : "integer",
            "x-name" : "signal.poll.interval.ms",
            "x-category" : "ADVANCED"
          },
          "signal.enabled.channels" : {
            "format" : "list,regex",
            "title" : "Enabled channels names",
            "description" : "List of channels names that are enabled. Source channel is enabled by default",
            "default" : "source",
            "type" : "string",
            "x-name" : "signal.enabled.channels",
            "x-category" : "ADVANCED"
          },
          "topic.naming.strategy" : {
            "format" : "class",
            "title" : "Topic naming strategy class",
            "description" : "The name of the TopicNamingStrategy class that should be used to determine the topic name for data change, schema change, transaction, heartbeat event etc.",
            "default" : "io.debezium.schema.SchemaTopicNamingStrategy",
            "type" : "string",
            "x-name" : "topic.naming.strategy",
            "x-category" : "ADVANCED"
          },
          "incremental.snapshot.chunk.size" : {
            "format" : "int32",
            "title" : "Incremental snapshot chunk size",
            "description" : "The maximum size of chunk (number of documents/rows) for incremental snapshotting",
            "default" : 1024,
            "type" : "integer",
            "x-name" : "incremental.snapshot.chunk.size",
            "x-category" : "ADVANCED"
          }
        },
        "additionalProperties" : true,
        "x-connector-id" : "mysql",
        "x-version" : "2.3.4.Final",
        "x-className" : "io.debezium.connector.mysql.MySqlConnector"
      }
    }
  }
}